alpha,c,z0,z1,q,w,T,l,fpr,cache_cap,mbuf,cache_hit_rate,total_latency
0.06736297898442037,0.7711832431283114,0.01,0.49,0.01,0.49,3,2.9844872308224857,0.013245768642821728,2.855332148499201e-08,257185456.0,0.0,39533
0.0571155081685898,0.6534559047255624,0.33,0.33,0.33,0.01,5,2.584216022262258,0.008192549468178961,127967728.0,127967728.0,0.1872928644691402,56804
0.1820689865101816,2.0782610051257686,0.01,0.97,0.01,0.01,16,1.3108360317312198,0.003134028105931708,2.8136987850757578e-08,253435456.0,0.0,42076
0.07446761765012372,0.8532362688866691,0.01,0.01,0.97,0.01,5,2.219003633290287,0.008192549468178961,25593545.600000024,230341910.4,0.2206840562084674,132063
0.05855683277627949,0.6700628257945274,0.33,0.01,0.33,0.01,2,5.658381626203722,0.003134028105931708,152061273.6,101374182.4,0.1784708015288476,51460
0.06403841822857026,0.7330312053631045,0.01,0.01,0.49,0.49,8,1.8590520519189502,0.008192549468178961,68256008.49937692,187679447.50062308,0.0536350184555846,86679
0.0672230299077991,0.7695568093226254,0.33,0.33,0.33,0.01,16,1.3417903950754828,0.02141584712068372,25843545.600000024,232591910.4,0.1478112783059657,63688
0.059282743131087286,0.6783773306613186,0.01,0.49,0.49,0.01,12,1.6329798148696,0.013245768642821728,94918456.97523248,162266999.02476752,0.2258004137363057,95145
0.18492164251582752,2.1108388522281634,0.01,0.01,0.97,0.01,6,2.0790075418928518,0.013245768642821728,51437091.20000002,205748364.8,0.2803764445392896,132396
0.06679979851387989,0.7647564922633571,0.49,0.01,0.01,0.49,16,1.3055383602661101,0.013245768642821728,2.855332148499201e-08,257185456.0,0.0,26676
0.47887795658578325,5.153044543181068,0.33,0.01,0.33,0.01,16,1.3895435049509828,0.005067117552663319,50937091.20000002,203748364.8,0.0899079757212541,47997
0.4080040807618107,4.493327091626939,0.01,0.01,0.49,0.49,2,4.768656920722433,0.008192549468178961,68107086.36637762,187828369.6336224,0.2302140987206602,68161
0.18355237089385654,2.0952756906912113,0.01,0.01,0.01,0.97,4,3.3256417120977066,0.005067117552663319,178279819.2,76405636.80000001,0.0029149337281036,28011
0.07446761765012372,0.8532362688866691,0.01,0.49,0.49,0.01,4,2.6110767205322203,0.013245768642821728,51437091.20000002,205748364.8,0.1896525101709252,85959
0.18241524307302992,2.082318953378841,0.01,0.01,0.97,0.01,9,1.7247303757702064,0.013245768642821728,51437091.20000002,205748364.8,0.1424430298076811,159178
0.18381501925337032,2.09813879454363,0.49,0.49,0.01,0.01,16,1.3055383602661101,0.013245768642821728,2.855332148499201e-08,257185456.0,0.0,27770
0.07446761765012372,0.8532362688866691,0.01,0.97,0.01,0.01,4,3.3291908131018615,0.003134028105931708,177404819.2,76030636.80000001,0.0281925395974839,52258
0.07358123285675319,0.8430311978185951,0.97,0.01,0.01,0.01,16,1.3452963923224333,0.008192549468178961,25593545.600000024,230341910.4,0.1332441073685775,2546
0.4789534659203882,5.152431806866468,0.97,0.01,0.01,0.01,15,1.77959750751308,0.013245768642821728,180029819.2,77155636.80000001,0.423051948051948,2855
0.058669393758583134,0.6713317564877326,0.01,0.49,0.01,0.49,4,2.97242100322523,0.013245768642821728,132508710.6544708,124676745.3455292,0.0092696757571867,37668
0.2022755623104532,2.3053598758478104,0.33,0.33,0.33,0.01,5,2.9420537305929004,0.013245768642821728,185243434.84770903,71942021.15229097,0.2279116385143736,64472
0.06799377769323521,0.7784513086715825,0.01,0.01,0.01,0.97,7,2.4303450235203723,0.02141584712068372,180904819.2,77530636.80000001,0.0025162171578359,32609
0.18355375891721,2.0951261621553763,0.25,0.25,0.25,0.25,2,5.658381626203722,0.003134028105931708,152061273.6,101374182.4,0.159466629993181,52730
0.05900557218050826,0.6751880795551517,0.33,0.33,0.01,0.33,16,1.7415370175027225,0.008192549468178961,179154819.2,76780636.80000001,0.009553824102319,32139
0.4586236909571122,4.972415639104471,0.33,0.33,0.33,0.01,16,1.384895159981275,0.013245768642821728,50794198.54732377,206391257.45267624,0.4648714501505926,44449
0.01875894189307656,0.8931841637506964,0.01,0.49,0.01,0.49,15,1.7243794900483378,0.003134028105931708,163835233.58351737,89600222.41648264,0.0092088611337804,41881
0.16642153874687304,1.9015369686712007,0.01,0.01,0.97,0.01,12,1.6742287472537234,0.003134028105931708,106976771.10912044,146458684.89087957,0.2381727774987443,141768
0.01875894189307656,0.8931841637506964,0.01,0.01,0.49,0.49,4,2.717994602433637,0.003134028105931708,76030636.80000001,177404819.2,0.0757855460967216,81378
0.06727522860306888,0.7701674585311532,0.33,0.01,0.33,0.01,2,5.6655149248164784,0.0019384062174770912,151311273.6,100874182.4,0.1918791743973395,55917
0.057472997961338965,0.6575793002528658,0.33,0.01,0.33,0.01,2,5.6655149248164784,0.0019384062174770912,151311273.6,100874182.4,0.2191996458174484,55605
0.020237175484541698,0.9072835468068364,0.49,0.49,0.01,0.01,16,1.3126193563844086,0.0019384062174770912,2.7998209972679436e-08,252185456.0,0.0,26494
0.14068969877034868,1.6091826695636344,0.33,0.33,0.33,0.01,6,2.070321024214961,0.003134028105931708,44459742.40448424,208975713.59551576,0.2218261504030187,65306
0.48415395579232107,5.206561031335838,0.25,0.25,0.25,0.25,16,1.3913180554530602,0.003134028105931708,50687091.20000002,202748364.8,0.0852776068123922,36231
0.058987057582297525,0.6749874921367162,0.33,0.33,0.33,0.01,16,1.3506201297456712,0.0019384062174770912,25218545.600000024,226966910.4,0.1825480979874158,63156
0.05700510864451143,0.6521901841419626,0.49,0.49,0.01,0.01,16,1.3072956189611706,0.008192549468178961,2.8414543606913867e-08,255935456.0,0.0,22793
0.06776674413350789,0.7758533503059557,0.01,0.49,0.49,0.01,4,2.721561251740015,0.0019384062174770912,75655636.80000001,176529819.2,0.1905720719941075,95627
0.06737533336205193,0.7713451850030066,0.25,0.25,0.25,0.25,3,2.9844872308224857,0.013245768642821728,2.855332148499201e-08,257185456.0,0.0,73004
0.2507028623943169,3.065196752079684,0.33,0.33,0.01,0.33,16,1.7415370175027225,0.008192549468178961,179154819.2,76780636.80000001,0.0085232994531011,31399
0.06714378708925212,0.7686883816289304,0.01,0.01,0.49,0.49,3,3.093760339319807,0.003134028105931708,25343545.600000024,228091910.4,0.2186111031219095,81225
0.2503744806740805,3.0623749258925366,0.33,0.33,0.33,0.01,16,1.3470622545904047,0.005067117552663319,25468545.600000024,229216910.4,0.1632521693194157,72449
0.06778901242224383,0.776025385398677,0.01,0.97,0.01,0.01,10,1.5564120110692596,0.008192549468178961,2.8414543606913867e-08,255935456.0,0.0,49645
0.05746265416529232,0.6574602839174647,0.01,0.49,0.01,0.49,4,2.450112673088539,0.013245768642821728,2.855332148499201e-08,257185456.0,0.0,40795
0.3418391965423332,3.824530620205485,0.01,0.33,0.33,0.33,13,1.4271835435665414,0.02141584712068372,15362731.129163912,243072724.87083608,0.0590011538230671,67747
0.48247977222981026,5.191193923760277,0.01,0.49,0.01,0.49,16,1.3506201297456712,0.0019384062174770912,25218545.600000024,226966910.4,0.0377269926732001,31050
0.47640169949399713,5.12624023007328,0.01,0.33,0.33,0.33,16,1.3895435049509828,0.005067117552663319,50937091.20000002,203748364.8,0.1018520979585075,55574
0.07446761765012372,0.8532362688866691,0.01,0.97,0.01,0.01,3,4.093760339319806,0.003134028105931708,177404819.2,76030636.80000001,0.0298016113661959,41885
0.05862583552698426,0.6708521589332092,0.33,0.01,0.33,0.01,14,1.7014779544475864,0.008192549468178961,149274938.2280509,106660517.77194914,0.0462675836844347,67240
0.07415622433246227,0.8496556667759895,0.01,0.01,0.01,0.97,2,6.0522284396221275,0.013245768642821728,180029819.2,77155636.80000001,0.0052083799512726,22946
0.18328515598641099,2.0921889251208925,0.01,0.33,0.33,0.33,4,2.5367095627412835,0.003134028105931708,25343545.600000024,228091910.4,0.0684733722261514,66595
0.05790843489060279,0.662608461825224,0.33,0.33,0.01,0.33,16,1.3126193563844086,0.0019384062174770912,2.7998209972679436e-08,252185456.0,0.0,32820
0.06734135471810963,0.7709546244053377,0.49,0.49,0.01,0.01,16,1.3037896217142202,0.02141584712068372,2.869209936307016e-08,258435456.0,0.0,29431
0.06754173008965568,0.7732576218208063,0.25,0.25,0.25,0.25,4,2.6110767205322203,0.013245768642821728,51437091.20000002,205748364.8,0.0809991230642442,57490
0.4803519549453417,5.168197018673893,0.49,0.01,0.49,0.01,4,2.717994602433637,0.003134028105931708,76030636.80000001,177404819.2,0.4732912308400763,42134
0.06719660730273712,0.7693302864692589,0.01,0.49,0.01,0.49,4,2.450112673088539,0.013245768642821728,2.855332148499201e-08,257185456.0,0.0,42857
0.06761734708200488,0.7741065073876244,0.49,0.01,0.49,0.01,15,1.4228312302630497,0.003134028105931708,50687091.20000002,202748364.8,0.1537403443103798,67104
0.08647383582322667,0.9903950642046486,0.33,0.01,0.33,0.01,2,5.362768990940445,0.003134028105931708,129008168.1485875,124427287.8514125,0.1739932517481436,54969
0.07415622433246227,0.8496556667759895,0.01,0.01,0.01,0.97,2,4.329355329308051,0.005067117552663319,2.827576572883572e-08,254685456.0,0.0,16112
0.1836589480650988,2.0964160832182377,0.01,0.49,0.49,0.01,4,2.464274665325136,0.0019384062174770912,2.7998209972679436e-08,252185456.0,0.0,126872
0.0754483152033341,0.8645441605750563,0.49,0.01,0.01,0.49,15,1.7850214336102834,0.003134028105931708,177404819.2,76030636.80000001,0.0052117070479389,20626
0.1824907173718844,2.083238801897108,0.33,0.01,0.33,0.01,7,2.4328366764825966,0.013245768642821728,180029819.2,77155636.80000001,0.0805884508727203,55669
0.06599695864588281,0.7554502649040802,0.01,0.49,0.01,0.49,4,2.450112673088539,0.013245768642821728,2.855332148499201e-08,257185456.0,0.0,34640
0.057710165487980254,0.660288132786273,0.25,0.25,0.25,0.25,3,2.9844872308224857,0.013245768642821728,2.855332148499201e-08,257185456.0,0.0,69540
0.057200268498730854,0.6544367940045034,0.25,0.25,0.25,0.25,2,5.329355329308051,0.005067117552663319,127342728.0,127342728.0,0.1525701623108347,54896
0.05816150969021595,0.6654552915124919,0.01,0.97,0.01,0.01,5,2.2417494082004064,0.013245768642821728,35123403.28591974,222062052.71408027,0.0154496698638969,49868
0.18326231970367146,2.091592634450612,0.01,0.01,0.49,0.49,3,3.093760339319807,0.003134028105931708,25343545.600000024,228091910.4,0.1975454128972076,78003
0.18336124061843678,2.0926476112789882,0.49,0.01,0.01,0.49,16,1.3090614812291423,0.005067117552663319,2.827576572883572e-08,254685456.0,0.0,24822
0.020168602557464527,0.906631506032,0.25,0.25,0.25,0.25,3,3.504654416439932,0.02141584712068372,113203032.31912383,145232423.68087617,0.1544918885058973,59189
0.2503744806740805,3.0623749258925366,0.33,0.33,0.33,0.01,16,1.3913180554530602,0.003134028105931708,50687091.20000002,202748364.8,0.1551366756054722,69192
0.05835524756551135,0.66769297660572,0.49,0.01,0.01,0.49,4,2.4504600074608383,0.013245768642821728,123806.96330215524,257061649.03669783,0.0026980983385202,17055
0.020237175484541698,0.9072835468068364,0.49,0.49,0.01,0.01,16,1.3108360317312198,0.003134028105931708,2.8136987850757578e-08,253435456.0,0.0,26060
0.06678406532413965,0.7644793067156286,0.49,0.01,0.01,0.49,15,1.77959750751308,0.013245768642821728,180029819.2,77155636.80000001,0.0072477169052752,21558
0.07446761765012372,0.8532362688866691,0.01,0.49,0.49,0.01,4,2.71091377689354,0.008192549468178961,76780636.80000001,179154819.2,0.1703695864428073,89285
0.19378016794108954,2.210084293867895,0.49,0.01,0.49,0.01,4,2.46558955493868,0.003134028105931708,1709271.0036746997,251726184.9963253,0.2040364432821772,75200
0.07446761765012372,0.8532362688866691,0.01,0.01,0.97,0.01,7,1.9312939419192643,0.008192549468178961,51187091.20000002,204748364.8,0.1693320910394729,110692
0.05966103787432914,0.6827029547658041,0.33,0.01,0.33,0.01,8,2.2865277872265772,0.013245768642821728,180029819.2,77155636.80000001,0.0645632461242208,46500
0.06897855148548504,0.7897709045418195,0.97,0.01,0.01,0.01,16,1.3055383602661101,0.013245768642821728,2.855332148499201e-08,257185456.0,0.0,5035
0.05838449837132037,0.6680446832831635,0.01,0.01,0.01,0.97,4,3.3185954701716422,0.013245768642821728,180029819.2,77155636.80000001,0.004327239410512,20668
0.48120846753014984,5.175258455955348,0.33,0.33,0.01,0.33,16,1.3860203839879506,0.013245768642821728,51437091.20000002,205748364.8,0.0313162829733322,23904
0.058087673574948456,0.664655049033289,0.01,0.49,0.49,0.01,4,2.5367095627412835,0.003134028105931708,25343545.600000024,228091910.4,0.1675000317386044,97566
0.4772499993543773,5.133449350947876,0.01,0.49,0.01,0.49,10,1.5585383211127422,0.005067117552663319,2.827576572883572e-08,254685456.0,0.0,42955
0.06748979793635809,0.7726081120779486,0.01,0.97,0.01,0.01,4,2.4571589150146034,0.005067117552663319,2.827576572883572e-08,254685456.0,0.0,51043
0.020237175484541698,0.9072835468068364,0.49,0.01,0.49,0.01,16,1.3470622545904047,0.005067117552663319,25468545.600000024,229216910.4,0.1278141097117996,65844
0.16816161158661905,1.9214690761677369,0.01,0.49,0.49,0.01,6,2.1398828541937416,0.003134028105931708,68948276.22366858,184487179.77633145,0.2149175216668727,85303
0.4027401642323007,4.4427379499168635,0.01,0.01,0.97,0.01,13,1.4695712964930536,0.013245768642821728,39154241.518012255,218031214.4819877,0.3927212950403963,115160
0.057318702964298134,0.6558168107420517,0.01,0.01,0.49,0.49,4,2.625238712768817,0.0019384062174770912,50437091.20000002,201748364.8,0.1571046064974657,74905
0.06760517535952758,0.7739840741861521,0.01,0.97,0.01,0.01,7,2.0200064967906237,0.02141584712068372,86149595.74138299,172285860.258617,0.0222308465434715,54560
0.2507028623943169,3.065196752079684,0.33,0.33,0.01,0.33,6,2.3330850884121137,0.003134028105931708,122930912.51647884,130504543.48352116,0.0075557755199083,34859
0.020237175484541698,0.9072835468068364,0.49,0.01,0.49,0.01,15,1.5945723340089613,0.005067117552663319,127342728.0,127342728.0,0.2148899109991971,76133
0.07446761765012372,0.8532362688866691,0.01,0.49,0.49,0.01,3,3.322516590158384,0.003134028105931708,76030636.80000001,177404819.2,0.272321375892383,99142
0.06736949796017973,0.7712594877873151,0.01,0.33,0.33,0.33,4,2.6216720634624395,0.003134028105931708,50687091.20000002,202748364.8,0.075338850414804,70855
0.27442848392788255,3.1049631876274195,0.33,0.01,0.33,0.01,16,1.4847023780719415,0.003134028105931708,96936504.8358741,156498951.1641259,0.0512024674284709,68160
0.18188744890921005,2.07645037523653,0.01,0.01,0.01,0.97,2,6.073419125482565,0.003134028105931708,177404819.2,76030636.80000001,0.0072060114319967,14961
0.06793985125037051,0.7778552450647531,0.01,0.97,0.01,0.01,4,2.450112673088539,0.013245768642821728,2.855332148499201e-08,257185456.0,0.0,44019
0.33644479191078286,3.768492292304495,0.49,0.01,0.49,0.01,6,2.349233468281623,0.003134028105931708,126652827.98532896,126782628.01467104,0.2944268878219118,62869
0.05894539110353119,0.6744808326704668,0.49,0.49,0.01,0.01,16,1.745077430272771,0.003134028105931708,177404819.2,76030636.80000001,0.0367762542573278,29466
0.1833796727744066,2.0931181930820184,0.25,0.25,0.25,0.25,13,1.4921777257588102,0.013245768642821728,51437091.20000002,205748364.8,0.0389426940710272,70787
0.17974978886938167,2.052182819905043,0.01,0.01,0.49,0.49,3,3.1920360715792415,0.008192549468178961,51187091.20000002,204748364.8,0.207065610365388,68241
0.0754483152033341,0.8645441605750563,0.49,0.01,0.01,0.49,16,1.3877776426830113,0.008192549468178961,51187091.20000002,204748364.8,0.0046531531373532,22717
0.020237175484541698,0.9072835468068364,0.49,0.01,0.49,0.01,15,1.4174073041658468,0.013245768642821728,51437091.20000002,205748364.8,0.1320356365156993,67067
0.06692370253755946,0.7661343156760678,0.33,0.01,0.33,0.01,16,1.7380310202557718,0.02141584712068372,180904819.2,77530636.80000001,0.0684528441726885,52149
0.4791805879133371,5.1545044829112125,0.33,0.33,0.33,0.01,16,1.384271645436061,0.02141584712068372,51687091.20000002,206748364.8,0.4869291410578409,38951
0.4804813714353175,5.166982223581324,0.01,0.97,0.01,0.01,7,1.9338099932444415,0.005067117552663319,50937091.20000002,203748364.8,0.5071773882611146,24042
0.2503744806740805,3.0623749258925366,0.33,0.33,0.33,0.01,16,1.7415370175027225,0.008192549468178961,179154819.2,76780636.80000001,0.1483641369191743,60184
0.1823817770619842,2.0820069545977677,0.49,0.01,0.01,0.49,16,1.3055383602661101,0.013245768642821728,2.855332148499201e-08,257185456.0,0.0,26575
0.05770245333488155,0.6602244605238797,0.49,0.49,0.01,0.01,2,5.41993855158835,0.005067117552663319,135092422.41632524,119593033.58367476,0.0361649831942261,38102
0.25070020895490047,3.065174266668606,0.01,0.33,0.33,0.33,4,2.540276212047661,0.0019384062174770912,25218545.600000024,226966910.4,0.0562349341974871,67516
0.25070020895490047,3.065174266668606,0.01,0.33,0.33,0.33,2,6.0805524240953215,0.0019384062174770912,176529819.2,75655636.80000001,0.2000718207263829,30933
0.06416822100240485,0.7345384372415461,0.49,0.01,0.49,0.01,13,1.8757996855929333,0.003134028105931708,176521834.56410295,76913621.43589707,0.1398546129073419,69393
0.05785374134123173,0.6619544821776792,0.01,0.01,0.01,0.97,3,4.093760339319806,0.003134028105931708,177404819.2,76030636.80000001,0.003840649398196,23606
0.05760219889789085,0.6590413364830077,0.97,0.01,0.01,0.01,16,1.7415370175027225,0.008192549468178961,179154819.2,76780636.80000001,0.209979035639413,6554
0.4805968633406135,5.169489166772006,0.33,0.33,0.33,0.01,16,1.6413180554530602,0.003134028105931708,152061273.6,101374182.4,0.5397715837483736,32810
0.020237175484541698,0.9072835468068364,0.49,0.01,0.49,0.01,15,1.4210143884973017,0.005067117552663319,50937091.20000002,203748364.8,0.1343803678482439,66655
0.48211160555501364,5.186297055175328,0.97,0.01,0.01,0.01,16,1.3877776426830113,0.008192549468178961,51187091.20000002,204748364.8,0.3867872807017544,5848
0.48041098837508395,5.168115887396565,0.49,0.01,0.01,0.49,16,1.3488368050924822,0.003134028105931708,25343545.600000024,228091910.4,0.0055268877043175,19814
0.057866529668092956,0.6620722571364254,0.01,0.33,0.33,0.33,4,2.6216720634624395,0.003134028105931708,50687091.20000002,202748364.8,0.1031802005473406,65285
0.4817968624344591,5.184311040938018,0.01,0.97,0.01,0.01,2,4.474294973681214,0.008192549468178961,25593545.600000024,230341910.4,0.4743629243857836,28692
0.18226937054111986,2.0806277626819236,0.01,0.49,0.01,0.49,6,1.954468754658008,0.013245768642821728,2.855332148499201e-08,257185456.0,0.0,41186
0.0573520619266456,0.6561719172915429,0.01,0.33,0.33,0.33,2,6.066320923474256,0.005067117552663319,178279819.2,76405636.80000001,0.1681782646156029,72282
0.07446761765012372,0.8532362688866691,0.01,0.97,0.01,0.01,2,6.0805524240953215,0.0019384062174770912,176529819.2,75655636.80000001,0.0347917613568404,49428
0.058405064921586314,0.6682813495643182,0.01,0.33,0.33,0.33,3,3.093760339319807,0.003134028105931708,25343545.600000024,228091910.4,0.1021899633144012,62754
0.480138212430519,5.165738717581686,0.01,0.49,0.49,0.01,4,2.717994602433637,0.003134028105931708,76030636.80000001,177404819.2,0.5001825153747476,50401
0.05844498665796228,0.6687551223922295,0.49,0.01,0.01,0.49,2,6.0522284396221275,0.013245768642821728,180029819.2,77155636.80000001,0.0206089115008195,13413
0.1821813539039797,2.079420279490151,0.33,0.33,0.33,0.01,10,2.077174806040179,0.013245768642821728,180029819.2,77155636.80000001,0.1906452257122685,61778
0.48058833799904227,5.171678392410995,0.97,0.01,0.01,0.01,16,1.5537896217142206,0.02141584712068372,129217728.0,129217728.0,0.423633553463538,7508
0.4804468696155829,5.1676243609866095,0.01,0.49,0.49,0.01,2,6.073419125482565,0.003134028105931708,177404819.2,76030636.80000001,0.6133067647820254,58698
0.06851647300448425,0.7845037184587446,0.01,0.01,0.97,0.01,3,3.1920360715792415,0.008192549468178961,51187091.20000002,204748364.8,0.3188434121800378,139689
0.18299961031465947,2.0888137438386924,0.01,0.97,0.01,0.01,2,4.308267891248363,0.02141584712068372,2.869209936307016e-08,258435456.0,0.0,52103
0.4806530158221355,5.171698931060529,0.97,0.01,0.01,0.01,5,2.2891591075363458,0.013245768642821728,51437091.20000002,205748364.8,0.4248456924280622,7225
0.2507028623943169,3.065196752079684,0.33,0.33,0.01,0.33,16,1.74686075492596,0.0019384062174770912,176529819.2,75655636.80000001,0.0089011543202958,31286
0.06690456908070806,0.7659689978700375,0.01,0.01,0.97,0.01,4,2.707399259503418,0.013245768642821728,77155636.80000001,180029819.2,0.1399176303493786,131457
0.48183218758349966,5.182559005817101,0.33,0.33,0.33,0.01,16,1.3877776426830113,0.008192549468178961,51187091.20000002,204748364.8,0.4821785170392932,41936
0.48135008555092357,5.177805782624448,0.01,0.01,0.49,0.49,2,4.329355329308051,0.005067117552663319,2.827576572883572e-08,254685456.0,0.0,120336
0.18122237539945224,2.0685946724584836,0.01,0.49,0.49,0.01,4,2.6110767205322203,0.013245768642821728,51437091.20000002,205748364.8,0.1979260446025347,84396
0.05777614956021796,0.6610514706420669,0.01,0.97,0.01,0.01,3,2.9844872308224857,0.013245768642821728,2.855332148499201e-08,257185456.0,0.0,59862
0.18264501745174436,2.084841079418411,0.97,0.01,0.01,0.01,3,3.183187919663079,0.02141584712068372,51687091.20000002,206748364.8,0.2574720320587744,7337
0.18331278813958377,2.0923979738345033,0.33,0.33,0.33,0.01,16,1.3913180554530602,0.003134028105931708,50687091.20000002,202748364.8,0.0856874973935826,66705
0.29209302175762086,3.296540140991364,0.01,0.01,0.49,0.49,7,2.01201107356171,0.02141584712068372,83448147.10201392,174987308.89798608,0.0683129527620288,80681
0.06533284562723503,0.7478882037124278,0.33,0.33,0.01,0.33,6,2.425210501129751,0.013245768642821728,146538842.38789558,110646613.61210442,0.0113266237966591,32530
0.17980477937515846,2.052620491863958,0.01,0.97,0.01,0.01,10,1.7856896143768966,0.02141584712068372,107478596.67550868,150956859.32449132,0.0699276560859497,48210
0.05709223116741082,0.6531966334541398,0.01,0.01,0.97,0.01,9,1.6733424197182643,0.008192549468178961,25593545.600000024,230341910.4,0.2306133979015334,137752
0.05937425522285898,0.6793887022042836,0.01,0.97,0.01,0.01,4,2.450112673088539,0.013245768642821728,2.855332148499201e-08,257185456.0,0.0,42896
0.020168602557464527,0.906631506032,0.25,0.25,0.25,0.25,4,2.460708016018758,0.003134028105931708,2.8136987850757578e-08,253435456.0,0.0,71406
0.1834289925668205,2.093648975936157,0.49,0.49,0.01,0.01,16,1.3072956189611706,0.008192549468178961,2.8414543606913867e-08,255935456.0,0.0,26193
0.48157891222957894,5.180345441068654,0.33,0.33,0.33,0.01,16,1.3860203839879506,0.013245768642821728,51437091.20000002,205748364.8,0.4638129017433673,37866
0.05801882940064858,0.6638049819749995,0.25,0.25,0.25,0.25,4,2.540276212047661,0.0019384062174770912,25218545.600000024,226966910.4,0.0814783817886848,55813
0.01875894189307656,0.8931841637506964,0.01,0.49,0.01,0.49,4,2.4571589150146034,0.005067117552663319,2.827576572883572e-08,254685456.0,0.0,38188
0.17067472675257567,1.9495493265954191,0.01,0.33,0.33,0.33,5,2.38762739298057,0.008192549468178961,80341317.59713581,175594138.4028642,0.0817173934567926,70983
0.058226927539351866,0.6662113451851424,0.01,0.01,0.49,0.49,4,2.460708016018758,0.003134028105931708,2.8136987850757578e-08,253435456.0,0.0,99987
0.47789313195782146,5.142217526983078,0.25,0.25,0.25,0.25,16,1.3913180554530602,0.003134028105931708,50687091.20000002,202748364.8,0.0822195547700854,42015
0.06655113539015678,0.761889589569663,0.97,0.01,0.01,0.01,15,1.77959750751308,0.013245768642821728,180029819.2,77155636.80000001,0.0892265416632991,8420
0.18190093931486914,2.0766505169605507,0.01,0.33,0.33,0.33,13,1.4921777257588102,0.013245768642821728,51437091.20000002,205748364.8,0.0387762848340819,78811
0.1822657060333042,2.0806835536072206,0.49,0.01,0.49,0.01,15,1.4228312302630497,0.003134028105931708,50687091.20000002,202748364.8,0.1881298839974761,73375
0.06751983794318887,0.773023000744088,0.01,0.01,0.01,0.97,2,6.073419125482565,0.003134028105931708,177404819.2,76030636.80000001,0.0057695540452919,21430
0.18302132355226608,2.0890653036895515,0.33,0.33,0.01,0.33,15,1.77959750751308,0.013245768642821728,180029819.2,77155636.80000001,0.0145891017686871,37858
0.06782122645658141,0.7764548975690425,0.97,0.01,0.01,0.01,15,1.77959750751308,0.013245768642821728,180029819.2,77155636.80000001,0.1347832411987198,8311
0.18328163518982457,2.0922502793466995,0.33,0.33,0.01,0.33,16,1.6360203839879508,0.013245768642821728,154311273.6,102874182.4,0.012451313120091,36964
0.18234166870670973,2.081436375988153,0.01,0.01,0.49,0.49,3,3.0892818724759037,0.005067117552663319,25468545.600000024,229216910.4,0.1519696663279701,76694
0.06683919862098908,0.7651479526570149,0.33,0.33,0.01,0.33,16,1.3090614812291423,0.005067117552663319,2.827576572883572e-08,254685456.0,0.0,29953
0.47673352359483584,5.130608313056448,0.01,0.01,0.97,0.01,4,2.5226167427072843,0.02141584712068372,25843545.600000024,232591910.4,0.485820441980542,81214
0.075245198330163,0.8615971824121559,0.49,0.49,0.01,0.01,8,1.9399675126477427,0.005067117552663319,96070997.13353348,158614458.86646652,0.0076734138481837,41835
0.2507028623943169,3.065196752079684,0.33,0.01,0.33,0.01,2,5.6655149248164784,0.0019384062174770912,151311273.6,100874182.4,0.1605013652663091,54808
0.06809035850445944,0.7795026228305648,0.33,0.33,0.33,0.01,16,1.3488368050924822,0.003134028105931708,25343545.600000024,228091910.4,0.1650268448852887,67110
0.18132120102871654,2.069847271216821,0.25,0.25,0.25,0.25,13,1.403290168022792,0.02141584712068372,2.869209936307016e-08,258435456.0,0.0,68705
0.40486858806752646,4.462857723868245,0.97,0.01,0.01,0.01,16,1.4335404843678234,0.008192549468178961,75585313.4740279,180350142.5259721,0.2976392663043478,2900
0.0581385014055556,0.6652470034728089,0.49,0.01,0.01,0.49,15,1.77959750751308,0.013245768642821728,180029819.2,77155636.80000001,0.0083559349074664,19095
0.2573603855615948,2.9175046312219113,0.01,0.49,0.01,0.49,3,3.695295758272885,0.008192549468178961,138146506.4214578,117788949.5785422,0.0421621154510888,38468
0.058588740366778094,0.6704094021095397,0.49,0.01,0.49,0.01,4,2.721561251740015,0.0019384062174770912,75655636.80000001,176529819.2,0.2643537494469534,65853
0.1819594580662979,2.07724353367433,0.33,0.33,0.33,0.01,16,1.3895435049509828,0.005067117552663319,50937091.20000002,203748364.8,0.1664913642822612,56427
0.2507028623943169,3.065196752079684,0.33,0.01,0.33,0.01,16,1.7415370175027225,0.008192549468178961,179154819.2,76780636.80000001,0.0565037534881892,58341
0.25070020895490047,3.065174266668606,0.01,0.33,0.33,0.33,2,6.0805524240953215,0.0019384062174770912,176529819.2,75655636.80000001,0.1901486723571481,75933
0.1848004170767998,2.1091357740913526,0.01,0.49,0.01,0.49,4,3.3150979930678623,0.02141584712068372,180904819.2,77530636.80000001,0.0253904325463849,35783
0.18188501129199958,2.0763764941189584,0.49,0.01,0.01,0.49,16,1.3072956189611706,0.008192549468178961,2.8414543606913867e-08,255935456.0,0.0,19670
0.0754483152033341,0.8645441605750563,0.49,0.01,0.01,0.49,15,1.77959750751308,0.013245768642821728,180029819.2,77155636.80000001,0.0077019003557204,22793
0.058181419695944196,0.665712595845288,0.49,0.49,0.01,0.01,16,1.3055383602661101,0.013245768642821728,2.855332148499201e-08,257185456.0,0.0,28076
0.4793420675535572,5.15758137762015,0.49,0.49,0.01,0.01,16,1.3913180554530602,0.003134028105931708,50687091.20000002,202748364.8,0.4835923027484783,14824
0.18494681263788212,2.1109849084074557,0.01,0.49,0.01,0.49,16,1.3037896217142202,0.02141584712068372,2.869209936307016e-08,258435456.0,0.0,43066
0.06788141024134758,0.7771764209138569,0.33,0.33,0.33,0.01,10,1.8574420067332407,0.008192549468178961,127967728.0,127967728.0,0.2097106288945959,70834
0.3160689178501591,3.553637326836666,0.49,0.49,0.01,0.01,2,4.962813573834614,0.02141584712068372,94257738.94555326,164177717.05444676,0.2047041328908474,21086
0.48066943890835584,5.171612371187055,0.01,0.01,0.49,0.49,2,6.066320923474256,0.005067117552663319,178279819.2,76405636.80000001,0.3399961326709796,44697
0.05960216096901337,0.6820379626568346,0.01,0.01,0.01,0.97,4,3.3256417120977066,0.005067117552663319,178279819.2,76405636.80000001,0.0032065276382442,23310
0.18348647253733233,2.0942125157179605,0.01,0.49,0.49,0.01,13,1.4051804715381466,0.013245768642821728,2.855332148499201e-08,257185456.0,0.0,130810
0.06694935168140648,0.7664558529501581,0.33,0.01,0.33,0.01,4,2.540276212047661,0.0019384062174770912,25218545.600000024,226966910.4,0.0604813348057061,57054
0.48080388401124313,5.171327618740894,0.33,0.33,0.01,0.33,15,1.3386143091991456,0.005067117552663319,2.827576572883572e-08,254685456.0,0.0,30756
0.07415622433246227,0.8496556667759895,0.01,0.01,0.01,0.97,3,3.966619274328247,0.005067117552663319,167257498.5116273,87427957.48837273,0.0035333030229795,29606
0.06784966157147411,0.7768220509487213,0.33,0.33,0.01,0.33,15,1.77959750751308,0.013245768642821728,180029819.2,77155636.80000001,0.010963462636339,36415
0.1824713651596471,2.0827916208422357,0.01,0.97,0.01,0.01,16,1.3090614812291423,0.005067117552663319,2.827576572883572e-08,254685456.0,0.0,44069
0.185082567080693,2.1124261470909604,0.33,0.33,0.01,0.33,15,1.77959750751308,0.013245768642821728,180029819.2,77155636.80000001,0.0131173161364957,30823
0.06605613842861889,0.7561622168089249,0.01,0.01,0.01,0.97,13,1.5604434681384127,0.005067117552663319,81985501.79819359,172699954.20180643,0.0027283030833906,38408
0.4815435021976239,5.1815253262797425,0.01,0.97,0.01,0.01,6,2.0242287909710823,0.0019384062174770912,25218545.600000024,226966910.4,0.4758382741767487,26913
0.06744492078357825,0.7721726490225445,0.49,0.01,0.49,0.01,4,2.721561251740015,0.0019384062174770912,75655636.80000001,176529819.2,0.2191553997536234,67096
0.06903541426763295,0.7903712485503342,0.49,0.01,0.01,0.49,7,1.965997137106364,0.008192549468178961,64557091.08514234,191378364.9148577,0.0033855182841049,20787
0.486490243659369,5.218576905066553,0.33,0.33,0.01,0.33,3,3.6765784437731224,0.003134028105931708,133199329.29376064,120236126.70623936,0.1119564981177999,19506
0.48006236416402304,5.164585361095975,0.01,0.97,0.01,0.01,16,1.3895435049509828,0.005067117552663319,50937091.20000002,203748364.8,0.506134999752021,23125
0.4805833563371248,5.169309554274531,0.49,0.01,0.01,0.49,15,1.3775207207623223,0.005067117552663319,25468545.600000024,229216910.4,0.0058651289131063,17836
0.1823326357243661,2.08101548116257,0.33,0.33,0.01,0.33,16,1.5537896217142206,0.02141584712068372,129217728.0,129217728.0,0.0104552075697739,40970
0.3551107967564706,3.9637280625911226,0.25,0.25,0.25,0.25,3,3.841079025240204,0.003134028105931708,153078321.22576812,100357134.77423188,0.2292685922499027,46673
0.11161314113590426,1.2778938788198753,0.97,0.01,0.01,0.01,7,2.361389236803357,0.008192549468178961,167271367.99851966,88664088.00148033,0.1936516648371752,5712
0.47824466914023617,5.146686049848794,0.49,0.01,0.49,0.01,15,1.4228312302630497,0.003134028105931708,50687091.20000002,202748364.8,0.2815790480709622,45639
0.48187871418717965,5.182695802811866,0.01,0.01,0.97,0.01,3,2.988922058004229,0.008192549468178961,2.8414543606913867e-08,255935456.0,0.0,214273
0.06778487395204404,0.7760666048862297,0.33,0.33,0.33,0.01,16,1.3470622545904047,0.005067117552663319,25468545.600000024,229216910.4,0.1119272413967379,26008
0.06704232117518719,0.7675103111512585,0.01,0.01,0.49,0.49,3,3.1920360715792415,0.008192549468178961,51187091.20000002,204748364.8,0.1902130817509212,70705
0.07446761765012372,0.8532362688866691,0.01,0.49,0.49,0.01,4,2.8327574624082392,0.0019384062174770912,100874182.4,151311273.6,0.1322680132091383,99334
0.0682584276268922,0.7815080603329221,0.01,0.33,0.33,0.33,2,6.073419125482565,0.003134028105931708,177404819.2,76030636.80000001,0.1698817110503235,71517
0.058809857569104576,0.672956949834525,0.97,0.01,0.01,0.01,12,1.4456879278714734,0.02141584712068372,2.869209936307016e-08,258435456.0,0.0,7296
0.05813575827933411,0.6652303129183926,0.01,0.01,0.49,0.49,3,3.196492611761531,0.005067117552663319,50937091.20000002,203748364.8,0.1499063554558654,76496
0.059152018078352214,0.6768715474516072,0.33,0.01,0.33,0.01,4,2.540276212047661,0.0019384062174770912,25218545.600000024,226966910.4,0.0671425625085167,54787
0.06777245503016731,0.775873162767148,0.25,0.25,0.25,0.25,4,2.5367095627412835,0.003134028105931708,25343545.600000024,228091910.4,0.1066945312675676,55576
0.058392652078116725,0.6681398001318511,0.01,0.49,0.01,0.49,4,2.450112673088539,0.013245768642821728,2.855332148499201e-08,257185456.0,0.0,35776
0.47923915286134977,5.156350493562409,0.01,0.01,0.49,0.49,3,2.9933785981865184,0.005067117552663319,2.827576572883572e-08,254685456.0,0.0010150742433565,113380
0.07415622433246227,0.8496556667759895,0.01,0.01,0.01,0.97,4,3.3185954701716422,0.013245768642821728,180029819.2,77155636.80000001,0.0040182797625159,29313
0.2507028623943169,3.065196752079684,0.33,0.33,0.01,0.33,16,1.5555383602661101,0.013245768642821728,128592728.0,128592728.0,0.0090776059408225,35596
0.05747038444526856,0.6575709199519041,0.01,0.33,0.33,0.33,12,1.4560546641280987,0.008192549468178961,4072376.569695021,251863079.43030497,0.0427816252326318,82351
0.18518902436348045,2.11371849922462,0.01,0.01,0.01,0.97,10,1.554296060759841,0.013245768642821728,2.855332148499201e-08,257185456.0,0.0,31125
0.06858467482551955,0.7852537083406507,0.01,0.01,0.01,0.97,3,4.098260949655703,0.0019384062174770912,176529819.2,75655636.80000001,0.0029760153852083,21313
0.06734437912820726,0.7710205960052502,0.97,0.01,0.01,0.01,15,1.4156168895032448,0.02141584712068372,51687091.20000002,206748364.8,0.1208928107967817,5284
0.48090095921183074,5.173699899253499,0.01,0.01,0.01,0.97,2,5.658381626203722,0.003134028105931708,152061273.6,101374182.4,0.0119272584484747,13675
0.06762410972927008,0.7741338385741529,0.01,0.01,0.01,0.97,4,3.3185954701716422,0.013245768642821728,180029819.2,77155636.80000001,0.0042377498971761,23826
0.05940998590600283,0.6798247763931641,0.01,0.01,0.01,0.97,2,6.0805524240953215,0.0019384062174770912,176529819.2,75655636.80000001,0.0048995829856177,18277
0.07446761765012372,0.8532362688866691,0.01,0.01,0.97,0.01,10,1.8574420067332407,0.008192549468178961,127967728.0,127967728.0,0.1890489657421746,146595
0.01875894189307656,0.8931841637506964,0.01,0.01,0.49,0.49,4,2.6216720634624395,0.003134028105931708,50687091.20000002,202748364.8,0.0829511683251497,75636
0.1836449435803906,2.096223188274812,0.01,0.01,0.01,0.97,16,1.3055383602661101,0.013245768642821728,2.855332148499201e-08,257185456.0,0.0,29509
0.06736009352152582,0.7711934000416124,0.33,0.33,0.01,0.33,16,1.3108360317312198,0.003134028105931708,2.8136987850757578e-08,253435456.0,0.0,30650
0.25070020895490047,3.065174266668606,0.01,0.33,0.33,0.33,2,6.073419125482565,0.003134028105931708,177404819.2,76030636.80000001,0.1847953558379837,64080
0.05743708221858444,0.6571417118308226,0.97,0.01,0.01,0.01,16,1.3072956189611706,0.008192549468178961,2.8414543606913867e-08,255935456.0,0.0,11861
0.07358123285675319,0.8430311978185951,0.97,0.01,0.01,0.01,16,1.5555383602661101,0.013245768642821728,128592728.0,128592728.0,0.1677531248131092,8750
0.05737427406755969,0.6564800242595789,0.01,0.49,0.49,0.01,4,2.6145912379223413,0.008192549468178961,51187091.20000002,204748364.8,0.1827529673616547,89555
0.05909266886891189,0.6761869974442838,0.33,0.33,0.33,0.01,9,1.7590838465997167,0.008192549468178961,65145788.95614113,190789667.0438589,0.1651226158038147,70593
0.48024723248979234,5.16614563903818,0.01,0.01,0.49,0.49,3,3.093760339319807,0.003134028105931708,25343545.600000024,228091910.4,0.3659355980511696,47612
0.18276936512989556,2.0865631955618116,0.49,0.01,0.49,0.01,7,2.4403849510858326,0.003134028105931708,177404819.2,76030636.80000001,0.2177672055365,59388
0.48223546966146114,5.187259101167889,0.49,0.01,0.49,0.01,16,1.384271645436061,0.02141584712068372,51687091.20000002,206748364.8,0.5060175676850929,43843
0.22260683454711033,2.5333874435912342,0.33,0.33,0.01,0.33,7,1.8874148866603464,0.003134028105931708,30436645.95255077,222998810.04744923,0.0064439956501475,32355
0.4463590202857077,4.858006056130074,0.01,0.49,0.49,0.01,4,3.4387980353404473,0.003134028105931708,188122625.6119665,65312830.38803355,0.5537890217012882,47814
0.0678970586221721,0.7773467261480698,0.01,0.01,0.97,0.01,4,2.529628737201185,0.008192549468178961,25593545.600000024,230341910.4,0.2802087191792956,124542
0.2507028623943169,3.065196752079684,0.33,0.01,0.33,0.01,2,5.658381626203722,0.003134028105931708,152061273.6,101374182.4,0.1416494883883142,58562
0.07358123285675319,0.8430311978185951,0.97,0.01,0.01,0.01,16,1.7415370175027225,0.008192549468178961,179154819.2,76780636.80000001,0.1593797113934955,4227
0.06166434598887968,0.7056935907858263,0.01,0.01,0.01,0.97,3,3.787085511710607,0.005067117552663319,148195240.35158822,106490215.64841178,0.0029602140388749,30561
0.07415622433246227,0.8496556667759895,0.01,0.01,0.01,0.97,6,2.623712753159347,0.02141584712068372,180904819.2,77530636.80000001,0.0029840921850831,29860
0.06786097646954505,0.7769491028408682,0.01,0.49,0.49,0.01,4,2.6216720634624395,0.003134028105931708,50687091.20000002,202748364.8,0.1919211441824507,90212
0.4812115725062152,5.175977895282784,0.33,0.33,0.01,0.33,9,1.938638245768429,0.013245768642821728,128592728.0,128592728.0,0.0598018130912867,17022
0.058173924297647624,0.6656516858370928,0.01,0.49,0.01,0.49,4,2.450112673088539,0.013245768642821728,2.855332148499201e-08,257185456.0,0.0,33792
0.05807968104192479,0.6645129037675573,0.49,0.49,0.01,0.01,16,1.3072956189611706,0.008192549468178961,2.8414543606913867e-08,255935456.0,0.0,26125
0.06839521609538797,0.7830684012869885,0.25,0.25,0.25,0.25,2,4.329355329308051,0.005067117552663319,2.827576572883572e-08,254685456.0,0.0,74484
0.4793557619107113,5.157297984503047,0.49,0.49,0.01,0.01,15,1.4174073041658468,0.013245768642821728,51437091.20000002,205748364.8,0.4853519976236447,15628
0.4806995551730911,5.171393606125455,0.01,0.33,0.33,0.33,16,1.3895435049509828,0.005067117552663319,50937091.20000002,203748364.8,0.1024985253734815,37171
0.25070020895490047,3.065174266668606,0.01,0.33,0.33,0.33,14,1.655671920820966,0.008192549468178961,135569611.5860712,120365844.41392882,0.0439175671817556,73347
0.2503744806740805,3.0623749258925366,0.33,0.33,0.33,0.01,16,1.3506201297456712,0.0019384062174770912,25218545.600000024,226966910.4,0.1213816977829842,64908
0.4784204662772249,5.146654508627378,0.01,0.49,0.49,0.01,4,2.8327574624082392,0.0019384062174770912,100874182.4,151311273.6,0.5747458600520169,57726
0.18254587773857564,2.083541424464975,0.33,0.01,0.33,0.01,7,2.4328366764825966,0.013245768642821728,180029819.2,77155636.80000001,0.1372202308660615,48278
0.181638266651921,2.073297858870247,0.01,0.49,0.49,0.01,4,2.717994602433637,0.003134028105931708,76030636.80000001,177404819.2,0.2322879845038568,89567
0.059524213414352795,0.6811500427623646,0.01,0.01,0.49,0.49,5,2.17853280826836,0.003134028105931708,7590751.966777171,245844704.0332228,0.0861642801956475,79660
0.05800116737239616,0.6636067207998215,0.49,0.01,0.49,0.01,16,1.393101380106249,0.0019384062174770912,50437091.20000002,201748364.8,0.1832111581367151,69768
0.18464071105843208,2.107381364870185,0.33,0.33,0.33,0.01,16,1.384271645436061,0.02141584712068372,51687091.20000002,206748364.8,0.2092610189313646,43582
0.06654371380673907,0.7617064881938799,0.33,0.33,0.01,0.33,16,1.3126193563844086,0.0019384062174770912,2.7998209972679436e-08,252185456.0,0.0,34761
0.020168602557464527,0.906631506032,0.25,0.25,0.25,0.25,2,6.066320923474256,0.005067117552663319,178279819.2,76405636.80000001,0.1977433061170937,50668
0.18200176638285884,2.077166857242524,0.25,0.25,0.25,0.25,16,1.3072956189611706,0.008192549468178961,2.8414543606913867e-08,255935456.0,0.0010516505498267,64651
0.056999879240479084,0.652160273237273,0.33,0.33,0.33,0.01,16,1.3470622545904047,0.005067117552663319,25468545.600000024,229216910.4,0.1269069386167227,47842
0.18219338846348168,2.0796668481074834,0.01,0.01,0.97,0.01,7,1.9262984962498857,0.02141584712068372,51687091.20000002,206748364.8,0.2325952869343653,134776
0.1829489189699472,2.0882526044152288,0.49,0.01,0.49,0.01,15,1.4192064420245172,0.008192549468178961,51187091.20000002,204748364.8,0.1971571866399935,71230
0.05876477621935351,0.6724135623999079,0.01,0.97,0.01,0.01,4,2.450112673088539,0.013245768642821728,2.855332148499201e-08,257185456.0,0.0,50229
0.48007589221443314,5.165565514076065,0.01,0.01,0.97,0.01,4,2.815097993067863,0.02141584712068372,103374182.4,155061273.6,0.5986726336845881,75906
0.06819542476930578,0.7808145021452532,0.49,0.01,0.01,0.49,16,1.3452963923224333,0.008192549468178961,25593545.600000024,230341910.4,0.0026389388018156,24907
0.2507028623943169,3.065196752079684,0.33,0.01,0.33,0.01,4,2.5367095627412835,0.003134028105931708,25343545.600000024,228091910.4,0.0673690900150087,59331
0.05939063579045862,0.6796422268987563,0.49,0.01,0.01,0.49,15,1.7813966453717507,0.008192549468178961,179154819.2,76780636.80000001,0.006581728200291,22698
0.06699627365092832,0.767018968901231,0.49,0.01,0.49,0.01,16,1.3860203839879506,0.013245768642821728,51437091.20000002,205748364.8,0.1350700858982789,67868
0.059255542157627725,0.6780199865383867,0.33,0.33,0.01,0.33,16,1.3072956189611706,0.008192549468178961,2.8414543606913867e-08,255935456.0,0.0,26845
0.09500800502281494,1.087989006035022,0.25,0.25,0.25,0.25,5,2.158490643283355,0.005067117552663319,781346.9420383694,253904109.05796164,0.081757848293688,53195
0.05788072866426488,0.6622469097478683,0.01,0.33,0.33,0.33,4,2.5367095627412835,0.003134028105931708,25343545.600000024,228091910.4,0.0657183284108539,67851
0.06770666053646344,0.7752172839684205,0.01,0.33,0.33,0.33,3,3.3270172004942817,0.0019384062174770912,75655636.80000001,176529819.2,0.1282533973474254,61166
0.059261682652864335,0.6780931846667885,0.49,0.49,0.01,0.01,15,1.3443125607618085,0.003134028105931708,2649922.270372219,250785533.7296278,0.0193782121492964,20900
0.18409998381407755,2.1016388249100935,0.01,0.01,0.97,0.01,9,1.6733424197182643,0.008192549468178961,25593545.600000024,230341910.4,0.2593947462333962,126076
0.4791211026316531,5.152891530676684,0.33,0.01,0.33,0.01,16,1.3913180554530602,0.003134028105931708,50687091.20000002,202748364.8,0.069509344763243,49304
0.05744503571589653,0.6572822219708632,0.97,0.01,0.01,0.01,16,1.7415370175027225,0.008192549468178961,179154819.2,76780636.80000001,0.16311784149435,5427
0.18158896490041931,2.07303038936078,0.49,0.01,0.01,0.49,16,1.3417903950754828,0.02141584712068372,25843545.600000024,232591910.4,0.0033675679741525,22462
0.05694575378209907,0.6515453860540151,0.01,0.01,0.97,0.01,3,3.183187919663079,0.02141584712068372,51687091.20000002,206748364.8,0.325399372188191,53873
0.058845999687046804,0.6733625325637406,0.01,0.49,0.49,0.01,4,2.721561251740015,0.0019384062174770912,75655636.80000001,176529819.2,0.1460518646874278,100122
0.4807937182408187,5.1717991528191245,0.01,0.49,0.01,0.49,4,2.714445501429483,0.005067117552663319,76405636.80000001,178279819.2,0.071043738435896,22126
0.09447843644470218,1.0820352211690445,0.01,0.01,0.97,0.01,6,2.5235726581939617,0.008192549468178961,163167606.05617684,92767849.94382316,0.2858486171258993,134118
0.1825527996364012,2.0836567056369337,0.97,0.01,0.01,0.01,16,1.3072956189611706,0.008192549468178961,2.8414543606913867e-08,255935456.0,0.0,5178
0.058135589211247646,0.665174800644788,0.01,0.01,0.97,0.01,14,1.4097398008967381,0.008192549468178961,25593545.600000024,230341910.4,0.1625658231318667,159274
0.06733762734332195,0.7709555302457451,0.49,0.49,0.01,0.01,16,1.745077430272771,0.003134028105931708,177404819.2,76030636.80000001,0.0374181478016838,29780
0.01875894189307656,0.8931841637506964,0.01,0.49,0.01,0.49,2,6.073419125482565,0.003134028105931708,177404819.2,76030636.80000001,0.0139519636689266,33176
0.06762673857887416,0.7742707715913852,0.49,0.01,0.01,0.49,15,1.7850214336102834,0.003134028105931708,177404819.2,76030636.80000001,0.0081419112704538,27612
0.4812496985346808,5.176272712174539,0.01,0.49,0.01,0.49,4,2.714445501429483,0.005067117552663319,76405636.80000001,178279819.2,0.0718830793204811,28569
0.0670542651327967,0.767663896967917,0.01,0.49,0.49,0.01,15,1.3350072248676907,0.013245768642821728,2.855332148499201e-08,257185456.0,0.0,131762
0.020168602557464527,0.906631506032,0.25,0.25,0.25,0.25,4,2.526114219811064,0.013245768642821728,25718545.600000024,231466910.4,0.0940158411637745,53210
0.4778458626425591,5.14155872248838,0.33,0.01,0.33,0.01,16,1.3877776426830113,0.008192549468178961,51187091.20000002,204748364.8,0.0981903520136228,41139
0.48074545751984044,5.169949826309653,0.33,0.33,0.01,0.33,16,1.3913180554530602,0.003134028105931708,50687091.20000002,202748364.8,0.0301108462290637,24139
0.07446761765012372,0.8532362688866691,0.01,0.01,0.97,0.01,13,1.4940772391452284,0.008192549468178961,51187091.20000002,204748364.8,0.187747562852745,155427
0.059109199113254664,0.6764330015399899,0.49,0.01,0.49,0.01,15,1.4156168895032448,0.02141584712068372,51687091.20000002,206748364.8,0.1773873045078197,75364
0.1829264260292873,2.088060060557545,0.01,0.49,0.01,0.49,4,2.4466151959847595,0.02141584712068372,2.869209936307016e-08,258435456.0,0.0,36813
0.0754483152033341,0.8645441605750563,0.49,0.01,0.01,0.49,15,1.7813966453717507,0.008192549468178961,179154819.2,76780636.80000001,0.0065234815754961,21477
0.4800280913688498,5.16286343130161,0.01,0.49,0.49,0.01,2,6.0805524240953215,0.0019384062174770912,176529819.2,75655636.80000001,0.6108694090317637,50294
0.01875894189307656,0.8931841637506964,0.01,0.01,0.49,0.49,2,4.329355329308051,0.005067117552663319,2.827576572883572e-08,254685456.0,0.0,127461
0.1809286016419891,2.0651956007822894,0.97,0.01,0.01,0.01,16,1.7415370175027225,0.008192549468178961,179154819.2,76780636.80000001,0.14104493657278,3322
0.1827929076224791,2.0863905746168294,0.01,0.33,0.33,0.33,4,2.721561251740015,0.0019384062174770912,75655636.80000001,176529819.2,0.0996618761577203,59252
0.18355471932538184,2.095221668371668,0.49,0.49,0.01,0.01,16,1.3055383602661101,0.013245768642821728,2.855332148499201e-08,257185456.0,0.0,26380
0.18299431937005128,2.088720825043126,0.33,0.01,0.33,0.01,2,5.651283424195412,0.005067117552663319,152811273.6,101874182.4,0.1890784982935153,57953
0.06739632693049918,0.7715747200891294,0.01,0.33,0.33,0.33,4,2.8185954701716422,0.013245768642821728,102874182.4,154311273.6,0.0597255422565226,68470
0.4814522301959292,5.179857505267181,0.25,0.25,0.25,0.25,16,1.3090614812291423,0.005067117552663319,2.827576572883572e-08,254685456.0,0.0,68389
0.01875894189307656,0.8931841637506964,0.01,0.49,0.01,0.49,4,2.460708016018758,0.003134028105931708,2.8136987850757578e-08,253435456.0,0.0,38483
0.4800615458275577,5.165650481790898,0.25,0.25,0.25,0.25,16,1.3895435049509828,0.005067117552663319,50937091.20000002,203748364.8,0.0900004469192492,38847
0.06914325273150254,0.7916572272715074,0.49,0.01,0.49,0.01,16,1.3452963923224333,0.008192549468178961,25593545.600000024,230341910.4,0.1896643757923533,74002
0.48094728292234906,5.174142617141477,0.01,0.01,0.01,0.97,16,1.3090614812291423,0.005067117552663319,2.827576572883572e-08,254685456.0,0.0,45927
0.38331990551865563,4.247107900491517,0.49,0.01,0.01,0.49,6,2.1045459136623643,0.005067117552663319,58139697.3652737,196545758.63472632,0.0112658685964495,13019
0.05833633578876875,0.6675019280889328,0.49,0.01,0.01,0.49,16,1.3090614812291423,0.005067117552663319,2.827576572883572e-08,254685456.0,0.0,21555
0.47844097946485403,5.148716095240435,0.01,0.01,0.01,0.97,16,1.3108360317312198,0.003134028105931708,2.8136987850757578e-08,253435456.0,0.0,33582
0.2507028623943169,3.065196752079684,0.33,0.01,0.33,0.01,6,2.144785687744101,0.005067117552663319,71811842.73971546,182873613.2602845,0.0640203062183924,61234
0.1828031291545055,2.0861364915044014,0.01,0.33,0.33,0.33,2,6.073419125482565,0.003134028105931708,177404819.2,76030636.80000001,0.2231108447919975,71941
0.18467056615831426,2.107953825814156,0.01,0.01,0.49,0.49,4,2.714445501429483,0.005067117552663319,76405636.80000001,178279819.2,0.1024978410165727,70927
0.1811123700580996,2.067477550849923,0.01,0.97,0.01,0.01,16,1.3090614812291423,0.005067117552663319,2.827576572883572e-08,254685456.0,0.0,52617
0.06715933761653119,0.768890439659415,0.49,0.49,0.01,0.01,15,1.786847258633583,0.0019384062174770912,176529819.2,75655636.80000001,0.0343872605585045,32353
0.05878602445820115,0.672678097005623,0.01,0.97,0.01,0.01,14,1.6146870078418911,0.02141584712068372,124320495.8985745,134114960.1014255,0.0114702002103724,64678
0.18436274396958413,2.1044184654499287,0.49,0.01,0.49,0.01,15,1.4192064420245172,0.008192549468178961,51187091.20000002,204748364.8,0.1720724942374427,71851
0.48059602148558483,5.16955027938384,0.33,0.01,0.33,0.01,16,1.3877776426830113,0.008192549468178961,51187091.20000002,204748364.8,0.0816706837784761,45130
0.0670820854340933,0.7680313779278671,0.01,0.49,0.01,0.49,4,2.464274665325136,0.0019384062174770912,2.7998209972679436e-08,252185456.0,0.0,31862
0.47955277195219786,5.15896366215041,0.01,0.01,0.01,0.97,4,2.5331604617371286,0.005067117552663319,25468545.600000024,229216910.4,0.00710949324148,16716
0.18260216021058764,2.0842676301246312,0.49,0.49,0.01,0.01,16,1.3108360317312198,0.003134028105931708,2.8136987850757578e-08,253435456.0,0.0,25385
0.4804823686906735,5.169392830203388,0.01,0.33,0.33,0.33,16,1.3470622545904047,0.005067117552663319,25468545.600000024,229216910.4,0.1047483620799193,48531
0.01875894189307656,0.8931841637506964,0.01,0.01,0.49,0.49,4,2.6216720634624395,0.003134028105931708,50687091.20000002,202748364.8,0.083481079525445,81406
0.07446761765012372,0.8532362688866691,0.01,0.97,0.01,0.01,4,3.3291908131018615,0.003134028105931708,177404819.2,76030636.80000001,0.0286570564019902,55072
0.020168602557464527,0.906631506032,0.25,0.25,0.25,0.25,3,3.309146755950448,0.013245768642821728,77155636.80000001,180029819.2,0.1156372656337565,60683
0.05817544842251553,0.6656410194908193,0.01,0.97,0.01,0.01,4,2.4571589150146034,0.005067117552663319,2.827576572883572e-08,254685456.0,0.0,52491
0.47937607303946334,5.1573271937510246,0.01,0.33,0.33,0.33,16,1.3488368050924822,0.003134028105931708,25343545.600000024,228091910.4,0.0875335540509289,52754
0.1711970521803981,1.9553528196501484,0.97,0.01,0.01,0.01,10,1.767383369299808,0.003134028105931708,95979498.6668363,157455957.33316368,0.0040814166784252,23321
0.2507028623943169,3.065196752079684,0.33,0.33,0.01,0.33,16,1.3090614812291423,0.005067117552663319,2.827576572883572e-08,254685456.0,0.0,29504
0.01875894189307656,0.8931841637506964,0.01,0.49,0.01,0.49,16,1.745077430272771,0.003134028105931708,177404819.2,76030636.80000001,0.0091244530350754,40599
0.07358123285675319,0.8430311978185951,0.97,0.01,0.01,0.01,15,1.7813966453717507,0.008192549468178961,179154819.2,76780636.80000001,0.1495520841045383,7986
0.14890593216111223,1.7029458087322238,0.01,0.49,0.49,0.01,13,1.5895845473244579,0.005067117552663319,94423399.64597344,160262056.35402656,0.2074634371336506,90228
0.05795967861112335,0.6631648402752243,0.01,0.01,0.97,0.01,9,2.173342419718264,0.008192549468178961,179154819.2,76780636.80000001,0.221190877127332,129450
0.05830105211231001,0.6670282601553299,0.01,0.49,0.49,0.01,4,2.6216720634624395,0.003134028105931708,50687091.20000002,202748364.8,0.1573695129923322,88524
0.06838495060196376,0.7830326193697354,0.01,0.01,0.97,0.01,7,1.8166208407883924,0.008192549468178961,2.8414543606913867e-08,255935456.0,0.0,193062
0.47838175762607865,5.147105144421119,0.01,0.01,0.97,0.01,16,1.6377776426830115,0.008192549468178961,153561273.6,102374182.4,0.5867905907176073,73779
0.06563716338083848,0.7513473870221965,0.25,0.25,0.25,0.25,11,1.9442014279731417,0.005067117552663319,166736613.93319717,87948842.06680283,0.0356658707815117,58521
0.4801571444202951,5.166281556401708,0.49,0.49,0.01,0.01,15,1.4192064420245172,0.008192549468178961,51187091.20000002,204748364.8,0.4836646989374262,17878
0.05850193281071677,0.6693860456550891,0.49,0.01,0.49,0.01,15,1.38116338755137,0.0019384062174770912,25218545.600000024,226966910.4,0.1399383892300973,67843
0.059316603444924405,0.6787918882156609,0.33,0.33,0.33,0.01,16,1.3435391336273725,0.013245768642821728,25718545.600000024,231466910.4,0.1140141078062689,66713
0.1830538290361465,2.0896449410571627,0.33,0.01,0.33,0.01,2,5.6371909403432845,0.013245768642821728,154311273.6,102874182.4,0.1966108276883665,58809
0.020237175484541698,0.9072835468068364,0.49,0.49,0.01,0.01,16,1.3108360317312198,0.003134028105931708,2.8136987850757578e-08,253435456.0,0.0,26258
0.06866289634447782,0.7861458557104974,0.33,0.01,0.33,0.01,2,5.6655149248164784,0.0019384062174770912,151311273.6,100874182.4,0.2516615449955335,55224
0.05878172490020683,0.6726177563512529,0.01,0.01,0.49,0.49,3,3.2054716889413317,0.0019384062174770912,50437091.20000002,201748364.8,0.213278734890681,83466
0.3210813061693648,3.6063367453746276,0.49,0.01,0.01,0.49,8,1.8752631225346104,0.013245768642821728,75727230.00802064,181458225.99197936,0.0067783395633917,18491
0.27927292919322305,3.1575243678454243,0.01,0.49,0.01,0.49,3,3.366072084349292,0.008192549468178961,86819665.01386136,169115790.98613864,0.0254443010793196,36863
0.18237542365566556,2.0821153414593305,0.97,0.01,0.01,0.01,16,1.6360203839879508,0.013245768642821728,154311273.6,102874182.4,0.1827760606912054,8045
0.020237175484541698,0.9072835468068364,0.49,0.49,0.01,0.01,16,1.3072956189611706,0.008192549468178961,2.8414543606913867e-08,255935456.0,0.0,27886
0.058534565596331016,0.6698077429206344,0.25,0.25,0.25,0.25,3,3.309146755950448,0.013245768642821728,77155636.80000001,180029819.2,0.0856970823684293,70937
0.4812418015699636,5.175463587342361,0.49,0.01,0.49,0.01,16,1.3895435049509828,0.005067117552663319,50937091.20000002,203748364.8,0.4408951004309067,41949
0.47961275251562785,5.1599646765003975,0.49,0.49,0.01,0.01,15,1.3332168102050888,0.02141584712068372,2.869209936307016e-08,258435456.0,0.0,26349
0.4749778340904021,5.118911027853902,0.49,0.01,0.49,0.01,2,4.957323926715319,0.005067117552663319,89881830.75019151,164803625.2498085,0.4924689642275801,49832
0.4814374343376938,5.179221480183793,0.49,0.01,0.01,0.49,6,1.9599204715971115,0.005067117552663319,2.827576572883572e-08,254685456.0,0.0,20541
0.06787521551812792,0.7771235116613702,0.01,0.01,0.49,0.49,4,2.714445501429483,0.005067117552663319,76405636.80000001,178279819.2,0.0788534554537885,81586
0.3260399774971687,3.659063818688881,0.01,0.01,0.01,0.97,7,1.8444700416022635,0.005067117552663319,12250550.071315004,242434905.92868495,0.0023897382082181,22911
0.06724233000933684,0.7697998807495857,0.01,0.97,0.01,0.01,3,2.9844872308224857,0.013245768642821728,2.855332148499201e-08,257185456.0,0.0,42059
0.07446761765012372,0.8532362688866691,0.01,0.01,0.97,0.01,2,6.183169554080146,0.003134028105931708,182974187.5827617,70461268.41723831,0.2628047708023481,147634
0.4826523503858808,5.189565158566418,0.49,0.01,0.01,0.49,15,1.38116338755137,0.0019384062174770912,25218545.600000024,226966910.4,0.0049795174658996,25609
0.057689476967937435,0.6600899908792842,0.01,0.49,0.01,0.49,4,2.450112673088539,0.013245768642821728,2.855332148499201e-08,257185456.0,0.0,36867
0.05724966220387042,0.6550067431910314,0.33,0.33,0.01,0.33,2,4.33645353131636,0.003134028105931708,2.8136987850757578e-08,253435456.0,0.0,29866
0.06652699800566625,0.7616223201808915,0.01,0.01,0.49,0.49,4,2.5331604617371286,0.005067117552663319,25468545.600000024,229216910.4,0.0761039003659156,76405
0.06780679086588169,0.7763200025807598,0.49,0.49,0.01,0.01,16,1.3108360317312198,0.003134028105931708,2.8136987850757578e-08,253435456.0,0.0,23706
0.06681854185509477,0.7649447416913742,0.01,0.49,0.49,0.01,4,2.625238712768817,0.0019384062174770912,50437091.20000002,201748364.8,0.1464450062074641,101833
0.21156086412680916,2.409836606256693,0.97,0.01,0.01,0.01,15,1.6803147345944713,0.02141584712068372,157479194.13834146,100956261.86165854,0.1944562382483168,5835
